from	to
R03AH	R03A
R05CB	R05C
J04AM	J04A
A07EB	A07E
C03BA	C03B
A05BA	A05B
N01AG	N01A
B02BB	B02B
V09AA	V09A
C02DC	C02D
M01AX	M01A
V03AX	V03A
A11EC	A11E
J01DB	J01D
L01EG	L01E
C01AB	C01A
J07BB	J07B
J01RA	J01R
T092	T077
T093	T092
T094	T092
T096	T077
T098	T096
T099	T096
T097	T096
T095	T092
T090	T077
T091	T090
P02BB	P02B
A02BC	A02B
A07EA	A07E
A03AD	A03A
J04BA	J04B
A06	A
A06A	A06
N07CA	N07C
A11GA	A11G
A02AD	A02A
H01CB	H01C
C01BC	C01B
N02	N
N02B	N02
N02C	N02
N02A	N02
N04	N
N04B	N04
N04A	N04
N04C	N04
D08AD	D08A
A10BG	A10B
P03BX	P03B
A11CB	A11C
H05BA	H05B
V04CH	V04C
D07XB	D07X
V07AN	V07A
D07CC	D07C
D07CB	D07C
A06AC	A06A
C10	C
C10B	C10
C10A	C10
J01GB	J01G
L01ED	L01E
V08CB	V08C
A02AF	A02A
D07BA	D07B
N05CB	N05C
L01BB	L01B
J01XB	J01X
N01BB	N01B
R07AB	R07A
A09AC	A09A
A03AX	A03A
C02LB	C02L
H01CC	H01C
D02BA	D02B
S01LA	S01L
C02CC	C02C
S01EE	S01E
P01CA	P01C
C01CX	C01C
C03B	C03
C03A	C03
C03	C
C03E	C03
C03C	C03
C03X	C03
C03D	C03
A12CX	A12C
B05BA	B05B
A16AA	A16A
H05AA	H05A
A11CC	A11C
A10	A
A10B	A10
A10A	A10
A10X	A10
A11A	A11
A11	A
A11H	A11
A11D	A11
A11B	A11
A11G	A11
A11J	A11
A11C	A11
A11E	A11
L01XB	L01X
A10AE	A10A
V06DD	V06D
D05AA	D05A
D02AA	D02A
G03XB	G03X
H03BX	H03B
V04	V
V04C	V04
V04B	V04
L02AX	L02A
A14AB	A14A
D11AE	D11A
G03DC	G03D
A12AX	A12A
L01XL	L01X
A11BA	A11B
S01EB	S01E
A10BD	A10B
A07AC	A07A
T042	T039
T047	T046
T046	T038
T040	T039
T048	T047
T041	T040
T045	T044
T049	T046
T044	T039
T043	T039
A16	A
A16A	A16
R06AE	R06A
N05AB	N05A
J06BB	J06B
N05AD	N05A
N01AX	N01A
A11CA	A11C
B06AA	B06A
D01AA	D01A
D11AF	D11A
G02AD	G02A
L02AB	L02A
B01AE	B01A
M04	M
M04A	M04
P01AR	P01A
A05AB	A05A
P	owl#Thing
C05AD	C05A
V07AT	V07A
G02	G
G02C	G02
G02B	G02
G02A	G02
N06AA	N06A
J07AN	J07A
J07BH	J07B
J01DF	J01D
J01CA	J01C
A12BA	A12B
C03AH	C03A
C02LG	C02L
V09GA	V09G
V03AC	V03A
A02AX	A02A
L01CD	L01C
G01BC	G01B
P01CD	P01C
L01CE	L01C
C07CA	C07C
C07FB	C07F
C05AX	C05A
R05DA	R05D
P02BA	P02B
C01EB	C01E
N05BD	N05B
L01BC	L01B
V09AX	V09A
N05CX	N05C
G02CX	G02C
J07AJ	J07A
L01XH	L01X
B	owl#Thing
A02AA	A02A
N01BA	N01B
J05AH	J05A
A03BB	A03B
G03BA	G03B
N02BE	N02B
R06AK	R06A
A03CA	A03C
D11AH	D11A
C01DB	C01D
C03AX	C03A
L01EX	L01E
N06DA	N06D
D08AX	D08A
A07BA	A07B
B06AC	B06A
S01HA	S01H
V06DF	V06D
L04AD	L04A
N01AH	N01A
A10XA	A10X
G03AA	G03A
L01FG	L01F
H02	H
H02A	H02
H02C	H02
H02B	H02
G04BX	G04B
C03CB	C03C
G03FB	G03F
A02	A
A02B	A02
A02X	A02
A02A	A02
C04AC	C04A
A12CB	A12C
T123	T120
T122	T120
T129	T123
T127	T123
T120	T103
T126	T123
T121	T120
T125	T123
C04	C
C04A	C04
C07EB	C07E
A03DC	A03D
S01BC	S01B
N04AB	N04A
S01JX	S01J
L01AD	L01A
P01BC	P01B
N05CD	N05C
M04AB	M04A
A07CA	A07C
V07AD	V07A
V08AD	V08A
R01AB	R01A
V03AM	V03A
A02AH	A02A
N02CX	N02C
B05	B
B05B	B05
B05A	B05
B05C	B05
B05X	B05
B05Z	B05
B05D	B05
A11ED	A11E
N05AG	N05A
C10AX	C10A
H05BX	H05B
G04BC	G04B
R02AD	R02A
R03DC	R03D
B03AC	B03A
C10AD	C10A
G01AC	G01A
C02LK	C02L
J01FG	J01F
P01BD	P01B
N03AX	N03A
A10BB	A10B
G03GA	G03G
A06AD	A06A
R05	R
R05D	R05
R05C	R05
R05X	R05
R05F	R05
D07CD	D07C
M01	M
M01B	M01
M01C	M01
M01A	M01
R01AC	R01A
A04AD	A04A
C04AB	C04A
V04CD	V04C
M01CB	M01C
J02AX	J02A
B03AD	B03A
A08AB	A08A
C07	C
C07A	C07
C07B	C07
C07F	C07
C07E	C07
C07D	C07
C07C	C07
V04CK	V04C
J05AB	J05A
C05BA	C05B
V	owl#Thing
V09EA	V09E
P02CC	P02C
V09	V
V09G	V09
V09D	V09
V09I	V09
V09C	V09
V09E	V09
V09F	V09
V09B	V09
V09A	V09
V09X	V09
V09H	V09
S01KX	S01K
L02AA	L02A
N05AH	N05A
J01XE	J01X
R07AA	R07A
C02KA	C02K
J07AM	J07A
N05AF	N05A
N03AD	N03A
L01CA	L01C
N01AB	N01A
C09DA	C09D
J07AP	J07A
B05CA	B05C
G01AX	G01A
A03DA	A03D
A03AB	A03A
A03DB	A03D
C03BC	C03B
R	owl#Thing
D08AJ	D08A
V04CE	V04C
A11HA	A11H
C07BA	C07B
B05AA	B05A
N01BX	N01B
S03	S
S03B	S03
S03C	S03
S03D	S03
S03A	S03
B02	B
B02B	B02
B02A	B02
D08AF	D08A
T168	T167
T167	T072
T169	T078
S01FB	S01F
J06BC	J06B
N05BB	N05B
A11AB	A11A
M03BA	M03B
S02BA	S02B
G01AF	G01A
N02CC	N02C
H02CA	H02C
V09DA	V09D
C09DX	C09D
C05CA	C05C
C03BX	C03B
C01DA	C01D
C01	C
C01A	C01
C01B	C01
C01C	C01
C01D	C01
C01E	C01
M01AB	M01A
N07BA	N07B
P01CX	P01C
M01CC	M01C
G03CC	G03C
C02KB	C02K
A10BC	A10B
N04BD	N04B
G	owl#Thing
D07AD	D07A
N05C	N05
N05	N
N05A	N05
N05B	N05
N07AA	N07A
G03AD	G03A
C02DG	C02D
J01EC	J01E
H01AC	H01A
G03EA	G03E
L04	L
L04A	L04
G02CC	G02C
B05BC	B05B
S01BB	S01B
C03DA	C03D
B03AE	B03A
S03AA	S03A
L01AC	L01A
M09AX	M09A
R06AB	R06A
C08DB	C08D
L01CC	L01C
L03AX	L03A
N03AC	N03A
L01CB	L01C
C04AE	C04A
C04AF	C04A
L01AA	L01A
J05AX	J05A
J05AR	J05A
C10AB	C10A
P01CC	P01C
B02BA	B02B
A12AA	A12A
S01FA	S01F
J05AE	J05A
B05CX	B05C
D02AX	D02A
J01AA	J01A
V06DX	V06D
A02AB	A02A
V09EB	V09E
C10AC	C10A
H01	H
H01B	H01
H01A	H01
H01C	H01
N02AF	N02A
N02AB	N02A
C10BA	C10B
G04BA	G04B
V10AA	V10A
P02CB	P02C
C07EA	C07E
J01GA	J01G
V08	V
V08C	V08
V08B	V08
V08A	V08
V08D	V08
S01GA	S01G
A	owl#Thing
N07XX	N07X
J07AL	J07A
T058	T057
T053	T052
T051	owl#Thing
T052	T051
T054	T053
T056	T052
T055	T053
T050	T046
T059	T058
T057	T052
C03BB	C03B
H01BB	H01B
C05B	C05
C05	C
C05A	C05
C05C	C05
D03AA	D03A
B02BD	B02B
B06	B
B06A	B06
J04AK	J04A
H04AA	H04A
L01XJ	L01X
A03AC	A03A
A10BX	A10B
N02BG	N02B
C02BA	C02B
D07	D
D07X	D07
D07B	D07
D07C	D07
D07A	D07
S	owl#Thing
J05AP	J05A
D08AL	D08A
M01AH	M01A
J02AA	J02A
G01AG	G01A
C01AC	C01A
C01BD	C01B
D07XA	D07X
L01FB	L01F
J01FA	J01F
C08CA	C08C
R01AX	R01A
V06DA	V06D
V04CJ	V04C
D06	D
D06C	D06
D06B	D06
D06A	D06
C03CX	C03C
V09DX	V09D
C07DA	C07D
D07AA	D07A
G04CB	G04C
D03BA	D03B
J04	J
J04A	J04
J04B	J04
A10BH	A10B
D06BA	D06B
A07AX	A07A
S02A	S02
S02B	S02
S02	S
S02C	S02
S02D	S02
D07AB	D07A
N03	N
N03A	N03
B05ZA	B05Z
D02AF	D02A
D06AA	D06A
A09AA	A09A
J01MA	J01M
A02BX	A02B
D05BX	D05B
A11EB	A11E
L01AB	L01A
G02CB	G02C
T063	T062
T064	T057
T062	T057
T065	T057
T060	T058
T061	T058
T069	T068
T067	T051
T066	T052
T068	T067
G03HA	G03H
A07EC	A07E
V08BA	V08B
J01BA	J01B
D01	D
D01A	D01
D01B	D01
R02	R
R02A	R02
P03AC	P03A
G04BE	G04B
T114	T109
T116	T109
N07XA	N07X
H03AA	H03A
T026	T021
T020	T190
T025	T021
T023	T021
T028	T021
T022	T169
T029	T082
T024	T021
T021	T017
S01EC	S01E
N04BX	N04B
G01BD	G01B
R01AD	R01A
J05AC	J05A
C09AA	C09A
V09FX	V09F
D06AX	D06A
S02CA	S02C
T203	T074
T201	T032
T200	T073
T204	T001
S01AB	S01A
J07AX	J07A
J05AD	J05A
M02AA	M02A
L02	L
L02B	L02
L02A	L02
B05XC	B05X
L01XX	L01X
A11DA	A11D
A11GB	A11G
L01XD	L01X
D07XC	D07X
J07BN	J07B
A05AA	A05A
L04AX	L04A
V04CG	V04C
H03BB	H03B
B05BB	B05B
A01AC	A01A
D11AA	D11A
R06AX	R06A
G02AB	G02A
D01BA	D01B
N05AC	N05A
J07BF	J07B
P02CA	P02C
N01BC	N01B
A12CC	A12C
C07AG	C07A
R03CA	R03C
B06AX	B06A
R05DB	R05D
N03AF	N03A
J01EB	J01E
S01AE	S01A
M03AB	M03A
J01XX	J01X
L02BG	L02B
S01BA	S01B
C05AB	C05A
J07	J
J07C	J07
J07A	J07
J07X	J07
J07B	J07
C05CX	C05C
J07BE	J07B
N05AL	N05A
A02BD	A02B
C02KD	C02K
C01AX	C01A
C03DB	C03D
L01EJ	L01E
A02BB	A02B
H03BA	H03B
J07AR	J07A
C04AD	C04A
J05	J
J05A	J05
G03EB	G03E
D08AB	D08A
N04BB	N04B
C01AA	C01A
A01AB	A01A
D05AD	D05A
H02AB	H02A
G03XA	G03X
S01AX	S01A
A05	A
A05A	A05
A05B	A05
A05C	A05
A10AF	A10A
N01AA	N01A
M01AC	M01A
A06AB	A06A
V07AB	V07A
B06AB	B06A
J01CF	J01C
T171	T077
T170	T077
G02BB	G02B
C09BX	C09B
M03AA	M03A
J07AG	J07A
V09HX	V09H
A07BB	A07B
G01AA	G01A
B03AB	B03A
A11AA	A11A
J01CR	J01C
D07AC	D07A
L01EL	L01E
C05AA	C05A
C01EX	C01E
C08DA	C08D
A12B	A12
A12	A
A12A	A12
A12C	A12
V07AC	V07A
G03DA	G03D
V04CM	V04C
P01BF	P01B
M05	M
M05B	M05
R03AK	R03A
V08AC	V08A
J01FF	J01F
V09HA	V09H
G03	G
G03F	G03
G03H	G03
G03D	G03
G03B	G03
G03E	G03
G03C	G03
G03A	G03
G03G	G03
G03X	G03
J07BC	J07B
D03	D
D03A	D03
D03B	D03
N05AX	N05A
V06AA	V06A
L02BB	L02B
R03DB	R03D
N02AE	N02A
R01BA	R01B
B01	B
B01A	B01
G03AB	G03A
C01DX	C01D
C02DD	C02D
B02BX	B02B
V09AB	V09A
A06AG	A06A
L04AC	L04A
B01AA	B01A
A03B	A03
A03	A
A03D	A03
A03A	A03
A03C	A03
A03F	A03
A03E	A03
M05BX	M05B
J01CE	J01C
H05	H
H05A	H05
H05B	H05
R03AC	R03A
L01CX	L01C
J01ED	J01E
C01BB	C01B
R03CB	R03C
G04	G
G04B	G04
G04C	G04
C05AE	C05A
C09XA	C09X
A11EA	A11E
C03EB	C03E
A12CE	A12C
J07AE	J07A
C03CC	C03C
J01EE	J01E
L01XK	L01X
L01EM	L01E
H01CA	H01C
A10BA	A10B
A10BK	A10B
C02AB	C02A
M01BX	M01B
B05AX	B05A
D04	D
D04A	D04
V03AN	V03A
J05AJ	J05A
S01G	S01
S01	S
S01L	S01
S01F	S01
S01E	S01
S01A	S01
S01B	S01
S01C	S01
S01H	S01
S01J	S01
S01K	S01
S01X	S01
P03BA	P03B
A10AB	A10A
D08AC	D08A
C03CA	C03C
J05AG	J05A
C02AA	C02A
C02CA	C02C
S01GX	S01G
J02	J
J02A	J02
T013	T010
T016	T015
T015	T010
T014	T010
T011	T010
T010	T008
T019	T190
T017	T072
T018	T017
T012	T010
B05XA	B05X
V08AB	V08A
J01DD	J01D
N05AE	N05A
M05BA	M05B
A01	A
A01A	A01
C03EA	C03E
C03CD	C03C
J04AB	J04A
A06AH	A06A
B03	B
B03X	B03
B03A	B03
B03B	B03
S03BA	S03B
P03AB	P03A
J05AF	J05A
A08	A
A08A	A08
V06	V
V06C	V06
V06D	V06
V06B	V06
V06A	V06
A16AX	A16A
N04BC	N04B
N02AX	N02A
B03BB	B03B
J07CA	J07C
C02BC	C02B
L01FX	L01F
P01BE	P01B
R03BX	R03B
B01AF	B01A
A07XA	A07X
N05BE	N05B
S01EA	S01E
J07AH	J07A
R03DA	R03D
R03DX	R03D
V09IX	V09I
A11JC	A11J
D09AX	D09A
R05FB	R05F
B01AD	B01A
V09DB	V09D
J07AD	J07A
M	owl#Thing
P01BX	P01B
D08AA	D08A
G04CX	G04C
C02DB	C02D
L04AA	L04A
M09A	M09
M09	M
D07BD	D07B
A06AA	A06A
N03AB	N03A
R03BC	R03B
V04CF	V04C
C01CA	C01C
P02CF	P02C
A04AA	A04A
D09AA	D09A
J06	J
J06B	J06
J06A	J06
V08AA	V08A
H03CA	H03C
V04CC	V04C
V09EX	V09E
C	owl#Thing
A07AA	A07A
N05BC	N05B
B05DB	B05D
C09BB	C09B
G01AE	G01A
P03AX	P03A
A03BA	A03B
J06BD	J06B
R01AA	R01A
J01DH	J01D
V07AZ	V07A
A04	A
A04A	A04
M05BC	M05B
G04CA	G04C
V07	V
V07A	V07
D05AX	D05A
A01AD	A01A
T196	T104
T192	T123
T197	T104
T194	T001
T190	T017
T191	T047
T195	T121
B02AA	B02A
L01AX	L01A
A08AA	A08A
C07BG	C07B
S01AA	S01A
A13	A
A13A	A13
C08CX	C08C
N04AC	N04A
V09IA	V09I
J02AB	J02A
L03AC	L03A
L01XA	L01X
N02BB	N02B
C02KC	C02K
V01AA	V01A
D02AC	D02A
N03AG	N03A
C02DA	C02D
V07AY	V07A
N04AA	N04A
A10BJ	A10B
C07AA	C07A
N07AB	N07A
S01CA	S01C
B05XX	B05X
C03XA	C03X
D03AX	D03A
A14AA	A14A
J07AF	J07A
C03AB	C03A
C07CB	C07C
N06AG	N06A
G03EK	G03E
P01AX	P01A
D04AA	D04A
B05CB	B05C
R03AL	R03A
C05BX	C05B
J05AA	J05A
D07XD	D07X
M01AG	M01A
A10AD	A10A
G03CX	G03C
L01FA	L01F
N06CA	N06C
R03AA	R03A
A07FA	A07F
J01EA	J01E
R06	R
R06A	R06
C02LF	C02L
P02BX	P02B
J07BX	J07B
C02LX	C02L
P01BB	P01B
H01AX	H01A
B03XA	B03X
J01XA	J01X
N05CC	N05C
C03BK	C03B
V03AZ	V03A
V09BA	V09B
M01AE	M01A
D10AF	D10A
D10AB	D10A
L01XF	L01X
C07CG	C07C
B05DA	B05D
D10AD	D10A
D06BX	D06B
R06AD	R06A
A06AX	A06A
D10AA	D10A
V10	V
V10B	V10
V10A	V10
V10X	V10
J01CG	J01C
J01XD	J01X
C10BX	C10B
L01EH	L01E
P01A	P01
P01C	P01
P01	P
P01B	P01
D10BA	D10B
C07FX	C07F
N04CX	N04C
N06AB	N06A
G01AB	G01A
V09XA	V09X
V03AG	V03A
V07AS	V07A
L01XY	L01X
C05BB	C05B
V06CA	V06C
D08AK	D08A
V06DB	V06D
A12CA	A12C
V03AB	V03A
G03XX	G03X
V03AK	V03A
G01BF	G01B
N05BA	N05B
C02	C
C02K	C02
C02C	C02
C02L	C02
C02D	C02
C02B	C02
C02A	C02
C02N	C02
D07BC	D07B
R02AB	R02A
N05BX	N05B
L01DB	L01D
A07C	A07
A07D	A07
A07	A
A07E	A07
A07A	A07
A07B	A07
A07X	A07
A07F	A07
A11DB	A11D
H01AA	H01A
T030	T082
T031	T167
T039	T038
T033	T077
T034	T033
T038	T070
T032	T077
T037	T067
H	owl#Thing
M05BB	M05B
N03AE	N03A
L01EE	L01E
V09IB	V09I
D	owl#Thing
T073	T072
T075	T073
T077	T071
T071	owl#Thing
T079	T078
T072	T071
T070	T067
T074	T073
T078	T077
M02AC	M02A
A11JB	A11J
S01CB	S01C
J06AA	J06A
M04AC	M04A
V09CA	V09C
M09AB	M09A
L01EF	L01E
V06DE	V06D
T100	T096
T101	T096
T103	T167
T102	T077
T104	T103
T109	T104
N07AX	N07A
H01AB	H01A
R03C	R03
R03	R
R03A	R03
R03B	R03
R03D	R03
D10AX	D10A
L03AB	L03A
D08AG	D08A
G03CB	G03C
C01CE	C01C
V20	V
D01AE	D01A
V07AV	V07A
V08DA	V08D
L01XG	L01X
J07BD	J07B
R03BB	R03B
J07BA	J07B
C02BB	C02B
C04AX	C04A
D09AB	D09A
P02CE	P02C
D11AX	D11A
A05AX	A05A
D02AE	D02A
N01AF	N01A
J04AD	J04A
D02AB	D02A
C08GA	C08G
B02BC	B02B
M03CA	M03C
P03AA	P03A
N05CF	N05C
C09BA	C09B
G01BA	G01B
G03FA	G03F
L01FE	L01F
M09AA	M09A
S01ED	S01E
G03HB	G03H
L01FF	L01F
A02AC	A02A
M01CX	M01C
A03FA	A03F
S01EX	S01E
A10BF	A10B
C07DB	C07D
C08	C
C08C	C08
C08G	C08
C08E	C08
C08D	C08
C02LE	C02L
V03AE	V03A
N01	N
N01A	N01
N01B	N01
B01AB	B01A
R03CC	R03C
M04AA	M04A
D05BA	D05B
L02AE	L02A
A11JA	A11J
S01JA	S01J
N02CB	N02C
N02CD	N02C
B01AC	B01A
M03AC	M03A
B02AB	B02A
J07BM	J07B
J07XA	J07X
J06BA	J06B
G01	G
G01B	G01
G01A	G01
D08AE	D08A
G02CA	G02C
H03A	H03
H03	H
H03C	H03
H03B	H03
T081	T078
T089	T170
T083	T082
T086	T085
T082	T078
T088	T085
T080	T078
T085	T082
T087	T085
C02LA	C02L
N02BF	N02B
P01CB	P01C
C02KX	C02K
D04AB	D04A
N06AF	N06A
R06AC	R06A
C02LN	C02L
D06BB	D06B
J07BG	J07B
L01EN	L01E
C10AA	C10A
L01DC	L01D
G02AX	G02A
P01AC	P01A
D04AX	D04A
S01CC	S01C
J01DE	J01D
V07AX	V07A
A03CC	A03C
H01BA	H01B
L01FD	L01F
C02AC	C02A
H04	H
H04A	H04
A02AG	A02A
A15	A
D10AE	D10A
V04CB	V04C
V09HB	V09H
L01EB	L01E
D08	D
D08A	D08
V04CL	V04C
R03CK	R03C
L01EK	L01E
S02AA	S02A
J07AK	J07A
V09GB	V09G
N06CB	N06C
N06AX	N06A
V07AA	V07A
D07BB	D07B
A09	A
A09A	A09
A03CB	A03C
A03AE	A03A
D09A	D09
D09	D
V10XX	V10X
B05ZB	B05Z
B01AX	B01A
N05CA	N05C
P02DX	P02D
S01KA	S01K
J01MB	J01M
D02BB	D02B
R05FA	R05F
G03DB	G03D
G02AC	G02A
R03AB	R03A
V04CA	V04C
N06BA	N06B
N06BC	N06B
V04CX	V04C
A07AB	A07A
V01	V
V01A	V01
V08CA	V08C
M01AA	M01A
D05	D
D05B	D05
D05A	D05
M01BA	M01B
C08EX	C08E
D10BX	D10B
G04BD	G04B
N02CA	N02C
C02LC	C02L
L01AG	L01A
V09CX	V09C
V09XX	V09X
P02CX	P02C
H02BX	H02B
D02	D
D02A	D02
D02B	D02
P01AA	P01A
J01DC	J01D
A01AA	A01A
N02AC	N02A
N02AA	N02A
A10AC	A10A
C02LL	C02L
G03GB	G03G
J07BJ	J07B
M02	M
M02A	M02
L01	L
L01X	L01
L01A	L01
L01B	L01
L01F	L01
L01E	L01
L01D	L01
L01C	L01
V07AR	V07A
L03AA	L03A
L01DA	L01D
G01AD	G01A
T001	T072
T005	T001
T002	T204
T007	T001
T004	T204
T008	T204
M01CA	M01C
N07BB	N07B
M04AX	M04A
G03AC	G03A
R02AA	R02A
C04AA	C04A
N05CM	N05C
N05AN	N05A
L01EC	L01E
S02DA	S02D
N	owl#Thing
D05AC	D05A
R02AX	R02A
R05CA	R05C
C03BD	C03B
V08CX	V08C
J07BL	J07B
J07BK	J07B
L03	L
L03A	L03
J	owl#Thing
C09CA	C09C
A12CD	A12C
N06	N
N06D	N06
N06B	N06
N06C	N06
N06A	N06
N05AA	N05A
A09AB	A09A
M03BX	M03B
D02AD	D02A
V03	V
V03A	V03
C01BA	C01B
M03BC	M03B
V03AH	V03A
L01EA	L01E
M02AB	M02A
D01AC	D01A
N04BA	N04B
C07BB	C07B
M03AX	M03A
M03	M
M03A	M03
M03B	M03
M03C	M03
C09	C
C09C	C09
C09A	C09
C09D	C09
C09B	C09
C09X	C09
G03BB	G03B
G01BE	G01B
L02BX	L02B
A03AA	A03A
A07BC	A07B
N06BX	N06B
A03ED	A03E
C09DB	C09D
V03AF	V03A
C01BG	C01B
N02BA	N02B
C01EA	C01E
P02	P
P02D	P02
P02C	P02
P02B	P02
V10XA	V10X
A16AB	A16A
R06AA	R06A
A14	A
A14B	A14
A14A	A14
A03EA	A03E
P01AB	P01A
R03BA	R03B
L04AB	L04A
A08AX	A08A
L	owl#Thing
C07AB	C07A
J04AC	J04A
S02DC	S02D
N03AA	N03A
P02DA	P02D
J01	J
J01A	J01
J01C	J01
J01G	J01
J01M	J01
J01F	J01
J01R	J01
J01X	J01
J01D	J01
J01B	J01
J01E	J01
B03AA	B03A
S01AD	S01A
J07AC	J07A
J04AA	J04A
R07	R
R07A	R07
N02AG	N02A
D10	D
D10B	D10
D10A	D10
J01XC	J01X
J02AC	J02A
H03BC	H03B
N05CH	N05C
A07DA	A07D
D07CA	D07C
C03AA	C03A
C08EA	C08E
L01BA	L01B
R07AX	R07A
S03CA	S03C
V10BX	V10B
V09GX	V09G
G02BA	G02B
D08AH	D08A
L01FC	L01F
M03BB	M03B
R01	R
R01B	R01
R01A	R01
B03BA	B03B
M02AX	M02A
D05BB	D05B
P03	P
P03A	P03
P03B	P03
N05CE	N05C
D11	D
D11A	D11
T185	T170
T184	T033
N07BC	N07B
V10AX	V10A
J01DI	J01D
V06DC	V06D
A11EX	A11E
S01XA	S01X
P01BA	P01B
D11AC	D11A
N02AJ	N02A
H02AA	H02A
T130	T120
T131	T120
A02BA	A02B
B05XB	B05X
G03XC	G03X
G03CA	G03C
N07	N
N07A	N07
N07B	N07
N07X	N07
N07C	N07
N02AD	N02A
L02BA	L02B
N06DX	N06D
